ip,type,continent_code,continent_name,country_code,country_name,region_code,region_name,city,zip
72.246.48.83,ipv4,NA,North America,US,United States,FL,Florida,Flagami,33144
96.17.0.251,ipv4,AS,Asia,TW,Taiwan,CYI,Taiwan,Taoyuan City,330
23.51.12.83,ipv4,AS,Asia,IN,India,WB,West Bengal,Kolkata,700001
23.58.0.251,ipv4,AS,Asia,IN,India,DL,Delhi,New Delhi,110006
23.10.60.83,ipv4,NA,North America,US,United States,NY,New York,Manhattan,10020
95.101.160.251,ipv4,AS,Asia,IL,Israel,HA,Haifa,Haifa,31000
2.22.12.251,ipv4,EU,Europe,GB,United Kingdom,ENG,England,South Croydon,CR7
2.17.124.251,ipv4,EU,Europe,IT,Italy,25,Lombardy,Milan,20121
173.223.152.251,ipv4,NA,North America,US,United States,NY,New York,Manhattan,10020
95.101.164.251,ipv4,AF,Africa,ZA,South Africa,GT,Gauteng,Johannesburg,2000
173.222.164.251,ipv4,NA,North America,US,United States,VA,Virginia,Herndon,20170
2.22.220.83,ipv4,EU,Europe,FR,France,IDF,Île-de-France,Paris,75001
23.51.156.83,ipv4,NA,North America,US,United States,TX,Texas,Dallas,75219
23.64.56.251,ipv4,NA,North America,CA,Canada,ON,Ontario,Richmond Hill,L4B 1A1
23.13.44.83,ipv4,EU,Europe,SE,Sweden,AB,Stockholm,Stockholm,118 58
23.58.90.83,ipv4,NA,North America,US,United States,CA,California,Los Angeles,90013
23.46.2.83,ipv4,NA,North America,US,United States,FL,Florida,Flagami,33144
173.223.92.83,ipv4,AS,Asia,HK,Hong Kong SAR China,NTW,Tsuen Wan,Tsuen Wan,
23.32.12.83,ipv4,AS,Asia,JP,Japan,13,Tokyo,Tokyo,162-0843
23.3.247.117,ipv4,SA,South America,CL,Chile,VS,Valparaíso,Valparaíso,
104.83.92.83,ipv4,EU,Europe,IT,Italy,25,Lombardy,Milan,20121
95.101.84.251,ipv4,EU,Europe,GB,United Kingdom,ENG,England,Islington,E5
104.78.76.83,ipv4,AS,Asia,JP,Japan,13,Tokyo,Tokyo,162-0843
23.65.16.251,ipv4,NA,North America,US,United States,CA,California,San Jose,95122
95.101.56.251,ipv4,EU,Europe,NL,Netherlands,NH,North Holland,Diemen,1101
88.221.236.251,ipv4,EU,Europe,ES,Spain,MD,Madrid,Madrid,28001
23.45.224.251,ipv4,SA,South America,BR,Brazil,RJ,Rio de Janeiro,Araruama,20010-000
104.67.28.83,ipv4,EU,Europe,GB,United Kingdom,ENG,England,Bexley,DA17
184.51.36.251,ipv4,NA,North America,US,United States,TX,Texas,Dallas,75219
23.223.76.83,ipv4,EU,Europe,IT,Italy,25,Lombardy,Milan,20121
184.27.40.251,ipv4,OC,Oceania,AU,Australia,NSW,New South Wales,Sydney,2020
23.12.236.83,ipv4,NA,North America,US,United States,WA,Washington,Seattle,98161
23.221.20.83,ipv4,OC,Oceania,AU,Australia,NSW,New South Wales,Sydney,2000
23.49.52.251,ipv4,AS,Asia,IN,India,TN,Tamil Nadu,Saint Thomas Mount,600001
95.101.4.251,ipv4,EU,Europe,DE,Germany,HE,Hesse,Frankfurt am Main,60311
182.51.200.251,ipv4,AS,Asia,CN,China,HE,Hebei,Shijiazhuang,050000
23.222.172.83,ipv4,NA,North America,US,United States,CA,California,Los Angeles,90013
23.64.142.83,ipv4,EU,Europe,PL,Poland,MZ,Mazovia,Śródmieście,00-025
173.222.212.251,ipv4,NA,North America,US,United States,GA,Georgia,Atlanta,30309
23.1.8.251,ipv4,NA,North America,US,United States,VA,Virginia,Herndon,20170
23.10.12.83,ipv4,AS,Asia,JP,Japan,13,Tokyo,Tokyo,162-0843
104.76.92.83,ipv4,NA,North America,US,United States,WA,Washington,Seattle,98161
173.223.36.251,ipv4,NA,North America,US,United States,FL,Florida,Flagami,33144
2.16.128.83,ipv4,EU,Europe,DE,Germany,HH,Hamburg,Hamburg,20095
173.222.216.251,ipv4,NA,North America,US,United States,TX,Texas,Dallas,75219
173.223.140.251,ipv4,AS,Asia,KR,South Korea,11,Seoul,Seoul,100-011
23.204.100.83,ipv4,NA,North America,US,United States,TX,Texas,Dallas,75219
23.63.144.251,ipv4,EU,Europe,DE,Germany,BE,Berlin,Berlin,10178
184.86.236.251,ipv4,EU,Europe,FR,France,IDF,Île-de-France,Paris,75001
173.222.152.251,ipv4,AS,Asia,SG,Singapore,01,,Singapore,
184.51.68.251,ipv4,NA,North America,US,United States,CA,California,Los Angeles,90013
104.68.188.83,ipv4,EU,Europe,GB,United Kingdom,ENG,England,Islington,N4
23.63.16.251,ipv4,NA,North America,US,United States,CA,California,San Jose,95122
95.101.60.251,ipv4,SA,South America,CL,Chile,RM,Santiago Metropolitan,Santiago,
95.101.64.251,ipv4,EU,Europe,DE,Germany,BY,Bavaria,Munich,80331
95.101.188.251,ipv4,EU,Europe,IT,Italy,62,Latium,Acilia-Castel Fusano-Ostia Antica,00119
173.223.228.251,ipv4,OC,Oceania,NZ,New Zealand,AUK,Auckland,Auckland,0644
173.222.140.251,ipv4,NA,North America,US,United States,CA,California,San Jose,95122
184.27.248.251,ipv4,AS,Asia,TH,Thailand,10,Bangkok,Bangkok,10200
173.222.144.251,ipv4,AS,Asia,SG,Singapore,01,,Singapore,
104.98.240.125,ipv4,NA,North America,US,United States,CA,California,Los Angeles,90013
184.51.24.251,ipv4,AS,Asia,SG,Singapore,01,,Singapore,
23.42.76.83,ipv4,AS,Asia,JP,Japan,13,Tokyo,Tokyo,162-0843
23.0.172.83,ipv4,AS,Asia,SG,Singapore,01,,Singapore,
23.13.176.251,ipv4,NA,North America,US,United States,VA,Virginia,Ashburn,20147
173.222.192.251,ipv4,OC,Oceania,AU,Australia,NSW,New South Wales,Sydney,2000
23.40.12.83,ipv4,EU,Europe,FR,France,IDF,Île-de-France,Paris,75001
173.222.100.251,ipv4,NA,North America,US,United States,NY,New York,Manhattan,10020
23.65.216.83,ipv4,NA,North America,US,United States,VA,Virginia,Ashburn,20147
173.222.224.251,ipv4,NA,North America,US,United States,CA,California,Los Angeles,90013
23.3.140.251,ipv4,NA,North America,MX,Mexico,CMX,Mexico City,Magdalena Contreras,01000
104.82.76.83,ipv4,EU,Europe,GB,United Kingdom,ENG,England,Islington,N1
23.207.148.112,ipv4,AS,Asia,TR,Turkey,34,Istanbul,Istanbul,34010
173.222.204.251,ipv4,NA,North America,MX,Mexico,QUE,Querétaro,Santa Rosa Jauregui,76000
173.223.172.251,ipv4,NA,North America,US,United States,CA,California,Palo Alto,94301
95.101.104.251,ipv4,EU,Europe,DE,Germany,BY,Bavaria,Munich,80331
23.198.106.83,ipv4,NA,North America,US,United States,WA,Washington,Seattle,98161
23.64.4.251,ipv4,NA,North America,US,United States,TX,Texas,Dallas,75219
72.247.112.251,ipv4,NA,North America,US,United States,CA,California,San Jose,95122
59.151.136.251,ipv4,AS,Asia,JP,Japan,13,Tokyo,Tokyo,162-0843
23.212.102.83,ipv4,AS,Asia,SG,Singapore,01,,Singapore,
23.61.12.251,ipv4,NA,North America,US,United States,CA,California,San Jose,95122
23.15.204.251,ipv4,NA,North America,CA,Canada,ON,Ontario,Toronto,M3H 6A7
23.54.12.83,ipv4,EU,Europe,NL,Netherlands,NH,North Holland,Diemen,1101
104.81.246.83,ipv4,NA,North America,MX,Mexico,SON,Sonora,Hermosillo,83000
23.0.236.83,ipv4,OC,Oceania,AU,Australia,SA,South Australia,Adelaide,5000
173.222.188.251,ipv4,AS,Asia,TH,Thailand,10,Bangkok,Bangkok,10200
72.247.116.251,ipv4,AS,Asia,HK,Hong Kong SAR China,NTW,Tsuen Wan,Tsuen Wan,
104.83.76.83,ipv4,EU,Europe,ES,Spain,MD,Madrid,Madrid,28001
2.16.212.251,ipv4,EU,Europe,DE,Germany,NW,North Rhine-Westphalia,Düsseldorf,40213
23.0.230.83,ipv4,NA,North America,US,United States,NV,Nevada,Paradise,89146
96.6.32.251,ipv4,AS,Asia,IN,India,TN,Tamil Nadu,Saint Thomas Mount,600001
23.194.236.91,ipv4,AS,Asia,JP,Japan,13,Tokyo,Tokyo,162-0843
96.6.36.251,ipv4,AS,Asia,IN,India,TN,Tamil Nadu,Saint Thomas Mount,600001
88.221.44.251,ipv4,EU,Europe,ES,Spain,MD,Madrid,Madrid,28001
23.58.148.251,ipv4,NA,North America,CA,Canada,AB,Alberta,Calgary,T1X 1E1
23.59.92.251,ipv4,AS,Asia,JP,Japan,27,Ōsaka,Osaka,542-0082
173.223.48.251,ipv4,AS,Asia,IN,India,TN,Tamil Nadu,Saint Thomas Mount,600001
23.197.60.83,ipv4,NA,North America,US,United States,VA,Virginia,Ashburn,20147
23.15.132.83,ipv4,EU,Europe,ES,Spain,MD,Madrid,Madrid,28001
173.222.116.251,ipv4,NA,North America,CA,Canada,BC,British Columbia,North Vancouver,V5K 1A1
23.15.248.251,ipv4,AS,Asia,SG,Singapore,01,,Singapore,
23.194.220.83,ipv4,SA,South America,BR,Brazil,RJ,Rio de Janeiro,Araruama,20010-000
95.100.244.251,ipv4,EU,Europe,ES,Spain,MD,Madrid,Madrid,28001
23.61.124.251,ipv4,NA,North America,US,United States,IL,Illinois,Chicago,60608
23.206.76.83,ipv4,NA,North America,MX,Mexico,CMX,Mexico City,Magdalena Contreras,01000
184.84.200.251,ipv4,AS,Asia,SG,Singapore,01,,Singapore,
23.66.152.83,ipv4,EU,Europe,ES,Spain,MD,Madrid,Madrid,28001
104.94.102.83,ipv4,NA,North America,US,United States,VA,Virginia,Ashburn,20147
23.66.40.83,ipv4,AS,Asia,HK,Hong Kong SAR China,NTW,Tsuen Wan,Tsuen Wan,
184.84.192.251,ipv4,NA,North America,US,United States,CA,California,San Jose,95122
184.26.176.251,ipv4,NA,North America,CA,Canada,QC,Quebec,Montréal,H2Y 2J7
23.5.124.83,ipv4,SA,South America,CL,Chile,RM,Santiago Metropolitan,Santiago,
95.101.100.251,ipv4,EU,Europe,FR,France,PAC,Provence-Alpes-Côte d'Azur,Marseille 01,13001
2.18.220.251,ipv4,EU,Europe,FR,France,IDF,Île-de-France,Paris,75001
184.84.196.251,ipv4,AS,Asia,TW,Taiwan,CYI,Taiwan,Taipei,100
23.57.112.251,ipv4,AS,Asia,HK,Hong Kong SAR China,NTW,Tsuen Wan,Tsuen Wan,
23.1.188.83,ipv4,AS,Asia,JP,Japan,27,Ōsaka,Osaka,542-0082
23.14.44.83,ipv4,SA,South America,CO,Colombia,ATL,Atlántico,Barranquilla,
23.198.104.83,ipv4,AS,Asia,HK,Hong Kong SAR China,NTW,Tsuen Wan,Tsuen Wan,
2.16.30.83,ipv4,EU,Europe,DE,Germany,HE,Hesse,Frankfurt am Main,60311
2.22.0.251,ipv4,EU,Europe,SE,Sweden,AB,Stockholm,Stockholm,118 58
23.75.218.83,ipv4,NA,North America,US,United States,CA,California,San Jose,95122
2.20.12.251,ipv4,EU,Europe,GB,United Kingdom,ENG,England,Islington,EC1Y
104.91.156.90,ipv4,NA,North America,US,United States,FL,Florida,Flagami,33144
95.101.156.251,ipv4,NA,North America,US,United States,VA,Virginia,Ashburn,20147
23.65.200.83,ipv4,EU,Europe,FR,France,IDF,Île-de-France,Paris,75001
95.101.44.251,ipv4,EU,Europe,DE,Germany,HE,Hesse,Frankfurt am Main,60311
23.50.99.181,ipv4,EU,Europe,CH,Switzerland,ZH,Zurich,Zürich,8043
2.21.145.130,ipv4,EU,Europe,FR,France,IDF,Île-de-France,Paris,75001
95.101.152.251,ipv4,EU,Europe,DE,Germany,BY,Bavaria,Munich,80331
23.60.144.251,ipv4,NA,North America,US,United States,IL,Illinois,Chicago,60608
184.50.16.251,ipv4,NA,North America,US,United States,VA,Virginia,Ashburn,20147
23.48.80.251,ipv4,AS,Asia,SG,Singapore,01,,Singapore,
95.101.92.251,ipv4,EU,Europe,SE,Sweden,AB,Stockholm,Stockholm,118 58
104.83.82.83,ipv4,EU,Europe,IT,Italy,25,Lombardy,Milan,20121
23.1.44.251,ipv4,NA,North America,US,United States,VA,Virginia,Herndon,20170
88.221.56.251,ipv4,EU,Europe,ES,Spain,MD,Madrid,Madrid,28001
184.51.48.251,ipv4,NA,North America,US,United States,CA,California,San Jose,95122
95.101.48.251,ipv4,AS,Asia,AE,United Arab Emirates,SH,Sharjah,Sharjah,
184.84.188.251,ipv4,AS,Asia,PH,Philippines,00,Metro Manila,Manila,0900
23.214.72.83,ipv4,EU,Europe,ES,Spain,MD,Madrid,Madrid,28001
95.101.96.251,ipv4,EU,Europe,SE,Sweden,AB,Stockholm,Stockholm,118 58
173.223.96.251,ipv4,NA,North America,US,United States,CA,California,Los Angeles,90013
173.222.244.251,ipv4,NA,North America,US,United States,FL,Florida,Flagami,33144
23.63.150.83,ipv4,NA,North America,US,United States,IL,Illinois,Chicago,60608
23.215.140.83,ipv4,OC,Oceania,AU,Australia,SA,South Australia,Adelaide,5000
23.52.60.20,ipv4,EU,Europe,NL,Netherlands,NH,North Holland,Diemen,1101
23.58.8.251,ipv4,AS,Asia,IN,India,TN,Tamil Nadu,Saint Thomas Mount,600001
23.57.124.251,ipv4,AS,Asia,IN,India,MH,Maharashtra,Mumbai,400070
184.84.184.251,ipv4,NA,North America,CA,Canada,ON,Ontario,Toronto,M3H 6A7
184.26.180.251,ipv4,NA,North America,CA,Canada,ON,Ontario,Toronto,M3H 6A7
114.108.188.251,ipv4,AS,Asia,KR,South Korea,41,Gyeonggi-do,Anyang-si,431-700
23.38.116.83,ipv4,SA,South America,BR,Brazil,SP,São Paulo,São Paulo,01001-000
209.132.183.107,ipv4,NA,North America,US,United States,NC,North Carolina,Raleigh,27601
209.132.183.108,ipv4,NA,North America,US,United States,NC,North Carolina,Raleigh,27601
